{"architecture":"amd64","config":{"Env":["PATH=/usr/local/bundle/bin:/usr/local/sbin:/usr/local/bin:/usr/sbin:/usr/bin:/sbin:/bin","LANG=C.UTF-8","RUBY_MAJOR=2.7","RUBY_VERSION=2.7.2","RUBY_DOWNLOAD_SHA256=1b95ab193cc8f5b5e59d2686cb3d5dcf1ddf2a86cb6950e0b4bdaae5040ec0d6","GEM_HOME=/usr/local/bundle","BUNDLE_SILENCE_ROOT_WARNING=1","BUNDLE_APP_CONFIG=/usr/local/bundle","RAILS_ENV=production"],"Cmd":["/bin/sh","-c","rake db:migrate RAILS_ENV=production assets:precompile \u0026\u0026 rails server"],"WorkingDir":"/app","ArgsEscaped":true,"OnBuild":null},"created":"2021-01-27T07:53:08.8258867Z","history":[{"created":"2021-01-15T02:23:51.062843845Z","created_by":"/bin/sh -c #(nop) ADD file:edbe213ae0c825a5bfbe569928cf20f683f334f93a093ccd0a3a014b7428e760 in / "},{"created":"2021-01-15T02:23:51.238454884Z","created_by":"/bin/sh -c #(nop)  CMD [\"/bin/sh\"]","empty_layer":true},{"created":"2021-01-21T03:09:50.077065773Z","created_by":"/bin/sh -c apk add --no-cache \t\tgmp-dev"},{"created":"2021-01-21T03:09:51.168150028Z","created_by":"/bin/sh -c set -eux; \tmkdir -p /usr/local/etc; \t{ \t\techo 'install: --no-document'; \t\techo 'update: --no-document'; \t} \u003e\u003e /usr/local/etc/gemrc"},{"created":"2021-01-21T03:09:51.364989097Z","created_by":"/bin/sh -c #(nop)  ENV LANG=C.UTF-8","empty_layer":true},{"created":"2021-01-21T03:15:04.576877672Z","created_by":"/bin/sh -c #(nop)  ENV RUBY_MAJOR=2.7","empty_layer":true},{"created":"2021-01-21T03:15:04.7632419Z","created_by":"/bin/sh -c #(nop)  ENV RUBY_VERSION=2.7.2","empty_layer":true},{"created":"2021-01-21T03:15:04.977525672Z","created_by":"/bin/sh -c #(nop)  ENV RUBY_DOWNLOAD_SHA256=1b95ab193cc8f5b5e59d2686cb3d5dcf1ddf2a86cb6950e0b4bdaae5040ec0d6","empty_layer":true},{"created":"2021-01-21T03:21:38.584207306Z","created_by":"/bin/sh -c set -eux; \t\tapk add --no-cache --virtual .ruby-builddeps \t\tautoconf \t\tbison \t\tbzip2 \t\tbzip2-dev \t\tca-certificates \t\tcoreutils \t\tdpkg-dev dpkg \t\tgcc \t\tgdbm-dev \t\tglib-dev \t\tlibc-dev \t\tlibffi-dev \t\tlibxml2-dev \t\tlibxslt-dev \t\tlinux-headers \t\tmake \t\tncurses-dev \t\topenssl \t\topenssl-dev \t\tpatch \t\tprocps \t\treadline-dev \t\truby \t\ttar \t\txz \t\tyaml-dev \t\tzlib-dev \t; \t\twget -O ruby.tar.xz \"https://cache.ruby-lang.org/pub/ruby/${RUBY_MAJOR%-rc}/ruby-$RUBY_VERSION.tar.xz\"; \techo \"$RUBY_DOWNLOAD_SHA256 *ruby.tar.xz\" | sha256sum --check --strict; \t\tmkdir -p /usr/src/ruby; \ttar -xJf ruby.tar.xz -C /usr/src/ruby --strip-components=1; \trm ruby.tar.xz; \t\tcd /usr/src/ruby; \t\twget -O 'thread-stack-fix.patch' 'https://bugs.ruby-lang.org/attachments/download/7081/0001-thread_pthread.c-make-get_main_stack-portable-on-lin.patch'; \techo '3ab628a51d92fdf0d2b5835e93564857aea73e0c1de00313864a94a6255cb645 *thread-stack-fix.patch' | sha256sum --check --strict; \tpatch -p1 -i thread-stack-fix.patch; \trm thread-stack-fix.patch; \t\t{ \t\techo '#define ENABLE_PATH_CHECK 0'; \t\techo; \t\tcat file.c; \t} \u003e file.c.new; \tmv file.c.new file.c; \t\tautoconf; \tgnuArch=\"$(dpkg-architecture --query DEB_BUILD_GNU_TYPE)\"; \texport ac_cv_func_isnan=yes ac_cv_func_isinf=yes; \t./configure \t\t--build=\"$gnuArch\" \t\t--disable-install-doc \t\t--enable-shared \t; \tmake -j \"$(nproc)\"; \tmake install; \t\trunDeps=\"$( \t\tscanelf --needed --nobanner --format '%n#p' --recursive /usr/local \t\t\t| tr ',' '\\n' \t\t\t| sort -u \t\t\t| awk 'system(\"[ -e /usr/local/lib/\" $1 \" ]\") == 0 { next } { print \"so:\" $1 }' \t)\"; \tapk add --no-network --virtual .ruby-rundeps \t\t$runDeps \t\tbzip2 \t\tca-certificates \t\tlibffi-dev \t\tprocps \t\tyaml-dev \t\tzlib-dev \t; \tapk del --no-network .ruby-builddeps; \t\tcd /; \trm -r /usr/src/ruby; \t! apk --no-network list --installed \t\t| grep -v '^[.]ruby-rundeps' \t\t| grep -i ruby \t; \t[ \"$(command -v ruby)\" = '/usr/local/bin/ruby' ]; \truby --version; \tgem --version; \tbundle --version"},{"created":"2021-01-21T03:21:39.064669403Z","created_by":"/bin/sh -c #(nop)  ENV GEM_HOME=/usr/local/bundle","empty_layer":true},{"created":"2021-01-21T03:21:39.397394319Z","created_by":"/bin/sh -c #(nop)  ENV BUNDLE_SILENCE_ROOT_WARNING=1 BUNDLE_APP_CONFIG=/usr/local/bundle","empty_layer":true},{"created":"2021-01-21T03:21:39.767698084Z","created_by":"/bin/sh -c #(nop)  ENV PATH=/usr/local/bundle/bin:/usr/local/sbin:/usr/local/bin:/usr/sbin:/usr/bin:/sbin:/bin","empty_layer":true},{"created":"2021-01-21T03:21:41.451765869Z","created_by":"/bin/sh -c mkdir -p \"$GEM_HOME\" \u0026\u0026 chmod 777 \"$GEM_HOME\""},{"created":"2021-01-21T03:21:41.844133712Z","created_by":"/bin/sh -c #(nop)  CMD [\"irb\"]","empty_layer":true},{"created":"2021-01-24T14:45:46.1553961Z","created_by":"RUN /bin/sh -c apk update \u0026\u0026 apk add build-base ruby-full yarn nodejs sqlite-dev # buildkit","comment":"buildkit.dockerfile.v0"},{"created":"2021-01-24T14:45:54.013783Z","created_by":"RUN /bin/sh -c mkdir /app # buildkit","comment":"buildkit.dockerfile.v0"},{"created":"2021-01-24T14:46:00.6803442Z","created_by":"WORKDIR /app","comment":"buildkit.dockerfile.v0"},{"created":"2021-01-24T15:09:31.547555Z","created_by":"COPY Gemfile /app/Gemfile # buildkit","comment":"buildkit.dockerfile.v0"},{"created":"2021-01-24T15:09:34.5391569Z","created_by":"COPY Gemfile.lock /app/Gemfile.lock # buildkit","comment":"buildkit.dockerfile.v0"},{"created":"2021-01-24T15:15:03.8740958Z","created_by":"RUN /bin/sh -c bundle install # buildkit","comment":"buildkit.dockerfile.v0"},{"created":"2021-01-27T07:53:08.8258867Z","created_by":"ENV RAILS_ENV=production","comment":"buildkit.dockerfile.v0","empty_layer":true},{"created":"2021-01-27T07:53:08.8258867Z","created_by":"COPY . . # buildkit","comment":"buildkit.dockerfile.v0"},{"created":"2021-01-27T07:53:08.8258867Z","created_by":"CMD [\"/bin/sh\" \"-c\" \"rake db:migrate RAILS_ENV=production assets:precompile \u0026\u0026 rails server\"]","comment":"buildkit.dockerfile.v0","empty_layer":true}],"os":"linux","rootfs":{"type":"layers","diff_ids":["sha256:c04d1437198bc178b49fdb9a90a9c0e362ffbd63c4be5d19fec406d1c9d6a03c","sha256:b46cec46ec783a22a59292df94317428bf96ed6754a3507b1eeda6d2892bd498","sha256:71b7682a85344b7de4dc5762762670d17ce5561be248ad7aae65232b191ed09c","sha256:bedc5112111927914d6c1e0a24aaa05d457eabc943bad7a627d07108a2509169","sha256:625cc40ece2eea358422d1407fea3dcfdb5a898a2cb5ac75e8723ec17697a9a1","sha256:a8bf9efb672cb3b90d505cd1e9b7ad3f9ead1514f3639f1ded038e852924f57f","sha256:96819d018421d7bfa67171b2cb82b57e011b24944d97d0305cf933610bfb40e4","sha256:5f70bf18a086007016e948b04aed3b82103a36bea41755b6cddfaf10ace3c6ef","sha256:e9993b2045629fa4164895cb9e2fd1885c2106fd3d76537988347998f8823890","sha256:6c4c3f966d034de44947001857c8bcdfc82dce9963f60de3f0c6cb010325ea52","sha256:1b04dece32d5ba5aae909a8d60039ef17d55758f46d385ebc62e115fcf7bcdfa","sha256:ee492ae588b9df070a2e724853d76a21692c7117cb0a17173634f3a44fcbd81d"]}}